sub,ses,task,acq,run,fd-per,fd-mean,fd-std,fd-max,fd-min,dvars-per,dvars-mean,dvars-std,dvars-max,dvars-min,std_dvars-per,std_dvars-mean,std_dvars-std,std_dvars-max,std_dvars-min
001,0000,rest,,,2.7559055118110236,0.1085946825461922,0.23399330935191806,3.28673391,0.012537899000000005,99.60629921259843,17.992352557312255,13.035682452568802,186.971146,14.110591000000001,3.937007874015748,0.9996842292490122,0.7242836540675206,10.388420000000002,0.784007
002,0000,rest,,,1.968503937007874,0.11848589509069506,0.11207043952327775,0.9781137000000002,0.028259199999999925,99.60629921259843,20.01060701976284,13.803408734802733,224.52613799999997,14.170318000000005,3.937007874015748,1.045662268774703,0.7213026336032552,11.732703,0.740476
002,0000,task2,,,5.737704918032787,0.23056390025802462,0.5761493840413213,5.9049484,0.0227873,99.59016393442623,25.697483666666653,33.28060977183038,411.126404,12.874949,6.967213114754099,0.8390160905349789,1.0866032033858257,13.423169,0.420364
002,0000,task1,,,6.967213114754099,0.20579304696748968,0.4709262648130603,5.107734099999999,0.01716166999999998,99.59016393442623,23.738287074074083,28.422943612860777,401.275757,13.216845999999999,7.377049180327869,0.8808801399176945,1.0547183149720365,14.890537,0.490451
003,0000,task1,,,0.0,0.08945480091193414,0.04671669742393736,0.3457380273,0.014794,99.59016393442623,17.957261444444445,28.69895014505624,455.495056,13.121901999999999,1.639344262295082,1.0826423209876537,1.7302581998273838,27.461772999999997,0.7911189999999999
003,0000,rest,,,0.0,0.09248641392055339,0.04007726487922982,0.224578985,0.01829854999999995,99.60629921259843,16.34175499209486,13.966093339778151,235.15104700000003,12.507336,0.7874015748031497,0.9829726126482216,0.8400742733084182,14.144567000000002,0.752329
003,0000,task2,,,0.4098360655737705,0.09755691266255143,0.07888267228212226,1.02306185,0.02415848000000004,99.59016393442623,17.801653683127572,27.783844424530518,438.735107,11.943375999999999,2.459016393442623,0.9804124485596707,1.530173955048267,24.163,0.657772
030,0000,task1,,,12.295081967213115,0.3442916098477367,0.37023869333089543,4.286007499999998,0.06587851500000001,99.59016393442623,29.42435912757202,30.19760273758921,461.133728,15.57058,6.557377049180328,1.005803777777778,1.0322353379737759,15.762792000000001,0.5322439999999999
030,0000,task2,,,13.114754098360656,0.33883488697119357,0.2987239964602961,2.24153528,0.05150424999999999,99.59016393442623,29.090582061728412,31.410370918516207,461.85415599999993,14.835299,9.01639344262295,0.9980038971193416,1.0775884229663215,15.844725,0.508951
030,0000,rest,,,7.086614173228346,0.26354165065454555,0.16936264982199245,1.2348253999999999,0.056260199999999996,99.60629921259843,29.581717893280643,27.085885699205537,436.188385,18.873131,4.330708661417323,1.0572091739130431,0.9680115507154394,15.588760999999998,0.674499
004,0000,task1,,,0.4098360655737705,0.12416465981481474,0.06554606586484521,0.6365494999999999,0.03510000000000005,99.59016393442623,19.152460695473252,27.047590445493242,434.79727199999996,14.490441,1.639344262295082,0.9542454362139912,1.347609548669816,21.663185000000002,0.721967
004,0000,task2,,,1.2295081967213115,0.12613423444609054,0.12319015477421823,1.63495685,0.02647702799999997,99.59016393442623,20.114083596707818,27.24613711876095,432.58056600000003,14.781128,2.8688524590163933,1.0554831399176956,1.4297364962438737,22.699593,0.775637
004,0000,rest,,,3.1496062992125986,0.19808263765217402,0.16019900473106943,1.29031032,0.03711858000000005,99.60629921259843,22.332990525691695,26.746279959927005,425.900909,15.711681,4.724409448818897,0.88780033201581,1.0632411763388283,16.930779999999995,0.624584
005,0000,task1,,,0.819672131147541,0.09347389502057607,0.06310530130855807,0.759277805,0.02160580000000005,99.59016393442623,18.036740880658446,20.109719352790794,327.756165,13.984648000000005,0.819672131147541,0.9985011316872431,1.1132597478714703,18.144348,0.7741799999999999
005,0000,rest,,,0.0,0.09070469686086956,0.042179288035324176,0.25957606520000004,0.0136046999999999,99.60629921259843,18.315366695652177,19.70194253526078,327.882202,13.310346,0.7874015748031497,0.9319994308300396,1.0025569668814491,16.684679,0.677313
005,0000,task2,,,4.098360655737705,0.13193293719341553,0.1898284146595351,1.900631945,0.018679949999999983,99.59016393442623,20.7417006090535,21.76661479806067,327.76059,13.873382999999999,6.147540983606557,1.07545341563786,1.128595070300585,16.994328,0.719332
006,0000,task1,,,0.0,0.07281854789711938,0.03580318612082403,0.3323281,0.01355576999999998,99.59016393442623,18.010511497942375,27.167911165201332,436.42117300000007,12.912168,0.819672131147541,1.0117424115226337,1.5261603088066578,24.516006,0.725342
006,0000,task2,,,1.2295081967213115,0.10698982668971192,0.14127348759183472,1.91107925,0.02104339999999995,99.59016393442623,18.833763493827153,26.507365993247912,420.965729,13.983661999999999,2.459016393442623,0.9649165720164609,1.3580607540327279,21.567478,0.71643
006,0000,rest,,,0.3937007874015748,0.16544949022924907,0.10322257196434807,0.8920397999999999,0.016792900000000145,99.60629921259843,21.340948770750995,26.116864735509704,428.720428,14.305712,1.1811023622047243,1.0311941501976283,1.261966288509982,20.715760999999997,0.6912520000000001
031,0000,task1,,,0.819672131147541,0.10601439988888887,0.06728326399260691,0.7466954,0.013293526000000005,99.59016393442623,17.646800621399176,28.437109631365484,456.23074299999996,13.674564000000002,1.639344262295082,1.0449039382716052,1.6838207036449488,27.014376000000002,0.8096999999999999
031,0000,task2,,,0.0,0.0952275655037037,0.039089372489159946,0.25537995,0.011173951000000005,99.59016393442623,17.59324362962961,28.10209002393835,450.917908,13.571964999999999,1.639344262295082,1.0700784403292187,1.7092607811845937,27.426298,0.8254909999999999
031,0000,rest,,,0.0,0.08777418323667985,0.03680705236050253,0.298395335,0.01341216,99.60629921259843,15.587613604743094,14.40781021632129,243.049042,12.421826,0.7874015748031497,0.977990687747036,0.9039680747451632,15.249269,0.7793640000000001
007,0000,task1,,,0.819672131147541,0.11356925173086414,0.08849298611045166,0.6411295000000001,0.025700850000000046,99.59016393442623,20.490785160493818,26.74889098271583,427.74514800000003,13.477659,2.459016393442623,1.0121539711934153,1.3212766225431603,21.128714000000002,0.665737
007,0000,task2,,,0.0,0.10054938792592599,0.07112859403457798,0.41958745,0.014256200000000028,99.59016393442623,20.668408168724266,26.49058367630894,423.677795,12.037713,2.0491803278688523,1.0352856296296293,1.3269199214403762,21.222126,0.6029720000000001
007,0000,rest,,,0.3937007874015748,0.09941859052173918,0.0599197041410754,0.6542739649999999,0.0220635,99.60629921259843,20.58505836758893,25.049739375322787,411.106842,14.171902,1.968503937007874,0.9979155098814229,1.214352829257752,19.929499,0.687021
008,0000,rest,,,0.0,0.114517505770751,0.057141704950186334,0.4369402800000001,0.025077550000000032,99.60629921259843,21.571418853754924,25.22457380744424,414.96731600000004,15.487706,3.1496062992125986,1.0892153083003955,1.273675723963615,20.953131,0.782028
008,0000,task2,,,0.4098360655737705,0.10525622364032924,0.06418647494766812,0.7161270049999999,0.021370371000000003,99.59016393442623,22.0218082016461,26.89867318386981,427.06658899999996,16.15625,4.918032786885246,1.0830152098765433,1.3228556607317998,21.0028,0.794552
008,0000,task1,,,2.0491803278688523,0.14556325123456798,0.11470482370890764,0.9980859000000001,0.028213099999999987,99.59016393442623,22.36501132098765,28.414015152032437,446.98629800000003,14.765285999999998,4.918032786885246,1.027981312757202,1.3060166338571442,20.545197,0.678669
032,0000,task1,,,7.786885245901639,0.20244204732181068,0.36459360125713175,4.4157269999999995,0.04124570000000001,99.59016393442623,22.248301218107002,28.406379872178537,427.641632,13.908439999999999,5.327868852459017,0.889125851851852,1.1352257759952722,17.090168,0.555834
032,0000,task2,,,6.147540983606557,0.20865615888888883,0.1853740795663072,1.84487475,0.01889049999999991,99.59016393442623,22.926470913580257,26.517767693640163,419.224365,14.483232000000001,3.6885245901639343,0.8380014567901228,0.96926948074985,15.323363,0.5293869999999999
032,0000,rest,,,7.086614173228346,0.20097593914229253,0.3408480616130617,3.02944905,0.025500000000000026,99.60629921259843,22.014750158102746,27.194405000922895,402.596863,13.774138,7.086614173228346,0.8925189565217392,1.1025117241478748,16.322025,0.558429
009,0000,task2,,,0.0,0.0936397809670782,0.05251360404897674,0.4182577840000001,0.017874800000000027,99.59016393442623,19.384405567901226,25.839402789634505,415.796631,14.57993,1.639344262295082,1.0722628600823048,1.429325846692811,23.000101,0.8065
009,0000,task1,,,0.0,0.08532360525514397,0.04473380381089639,0.353611015,0.02354356649999997,99.59016393442623,18.68274204938272,26.287242730780985,422.81695599999995,13.304252000000005,0.819672131147541,1.053798979423869,1.4827304745707068,23.848967000000002,0.750426
009,0000,rest,,,0.0,0.08768356031620549,0.032889878236285586,0.32306048299999995,0.01732330999999997,99.60629921259843,19.295541960474303,24.63248242138079,405.400299,14.508542000000002,0.7874015748031497,0.914341928853755,1.1672392153151425,19.210371,0.687504
010,0000,task2,,,7.377049180327869,0.218840336280247,0.5387703613485061,4.3907815,0.008963309299999979,99.59016393442623,24.11071034979422,34.86334103389305,395.055267,10.580199,6.967213114754099,1.042973818930041,1.5081078575272664,17.089182,0.457675
010,0000,task1,,,14.344262295081966,0.3558367358658436,0.8342225203139949,10.57845365,0.03321540000000001,99.59016393442623,27.58741438683126,33.72309442679602,414.454773,12.204903,8.60655737704918,0.8869430452674892,1.0842068340731634,13.324836,0.392391
010,0000,rest,,,2.7559055118110236,0.10169954010671936,0.14780226950741238,1.57976125,0.023575840000000046,99.60629921259843,17.639282332015796,24.708156683800897,398.311615,11.589509,2.7559055118110236,0.8061955177865607,1.1292752977513725,18.204655,0.5296930000000001
033,0000,rest,,,0.0,0.07181297869790515,0.04410616938792845,0.33337245,0.016044460400000002,99.60629921259843,16.34971402371542,13.311057144875052,224.024368,13.117798,1.5748031496062993,0.9583197865612648,0.7802124484188769,13.130932999999999,0.768885
033,0000,task1,,,18.0327868852459,0.340694987983539,0.5992226733114784,4.38550432,0.02283955000000005,99.59016393442623,33.61492171604939,38.763713891401814,428.890717,14.447147,19.672131147540984,1.219945156378601,1.4068040241457074,15.565206,0.524313
033,0000,task2,,,33.19672131147541,0.9095310065679011,1.7330816355170475,13.5956666,0.021372469999999987,99.59016393442623,57.148178510288055,63.24735789372717,462.742279,14.230926,25.40983606557377,1.22842070781893,1.359524711341379,9.946812,0.305899
011,0000,task1,,,6.967213114754099,0.24316346602057629,0.5544751282906853,6.3816624000000015,0.017733680000000022,99.59016393442623,27.247016777777784,35.765660387363724,471.68634000000003,12.309503,6.967213114754099,0.8355914197530869,1.0968348363930838,14.465328,0.377499
011,0000,task2,,,4.508196721311475,0.14781785444032922,0.18078958080745305,1.6133183000000002,0.015550599999999975,99.59016393442623,23.61252668724279,29.75635440871119,462.851349,11.532831,5.327868852459017,0.9592173950617289,1.2087996319261394,18.802523,0.468501
011,0000,rest,,,1.5748031496062993,0.13842661882608695,0.1327001963178819,1.2008266,0.02511705000000001,99.60629921259843,23.78670749407114,15.24987926141783,239.563202,16.619085000000002,6.299212598425197,1.087428747035573,0.6971606564941176,10.951827,0.7597549999999998
012,0000,task2,,,0.0,0.054024149748559666,0.03990536392516758,0.3325050861,0.004594184800000036,99.59016393442623,15.579914893004117,34.36023342883154,540.574158,9.246327,1.2295081967213115,1.013930144032922,2.2361404007560384,35.180195,0.601745
012,0000,task1,,,0.0,0.05292847616872429,0.03784697723174042,0.382154958,0.008485349000000007,99.59016393442623,15.822950267489707,35.062125089281906,552.246887,10.378108000000001,1.2295081967213115,0.8424628312757206,1.8668160892437884,29.403334,0.552563
012,0000,rest,,,0.0,0.11588174890909092,0.07486745780114001,0.43725658,0.009328250000000066,99.60629921259843,18.373068770751004,30.587923659712423,492.249115,12.160321000000001,1.1811023622047243,0.7841031818181824,1.3053936983840821,21.007601,0.5189630000000001
034,0000,rest,,,0.3937007874015748,0.17147248961027664,0.09289953920462968,0.5067626999999999,0.034338867000000044,99.60629921259843,28.18020014229248,26.859968295417513,445.405182,17.092487,0.7874015748031497,1.0101422569169956,0.9628174763180922,15.965912,0.612694
034,0000,task2,,,0.4098360655737705,0.13779269552674892,0.08422763999265998,0.7245764999999998,0.02443519999999997,99.59016393442623,25.97894827160494,29.160266243574796,466.579956,15.448799,2.8688524590163933,1.047293872427983,1.1755428926081692,18.809319,0.62279
034,0000,task1,,,0.0,0.11379089320987658,0.07218836096581184,0.4579859000000001,0.025175999999999976,99.59016393442623,25.370935950617298,28.28563000876231,454.550751,14.522301,1.639344262295082,1.0464827078189305,1.1667059819911156,18.748993,0.599006
013,0000,task2,,,0.0,0.12618712920987657,0.05406315784869251,0.3530548,0.014658190000000034,99.59016393442623,20.388169576131677,25.856715171477784,417.654144,14.436607,0.819672131147541,1.1566768106995882,1.4669224249080848,23.694666,0.8190279999999999
013,0000,task1,,,1.2295081967213115,0.13454386400411522,0.09043028875094226,0.82602475,0.02347894999999996,99.59016393442623,20.387859267489716,26.1998054190254,420.89694199999997,12.827744000000001,1.639344262295082,1.0178690452674903,1.3080318914054736,21.013385999999997,0.640428
013,0000,rest,,,0.0,0.11651034615415025,0.05178924819439547,0.323801729,0.02093430000000003,99.60629921259843,18.939848790513828,24.780003934682348,406.790833,13.595798,0.7874015748031497,1.0062707312252963,1.3165571685293422,21.612724,0.722342
014,0000,task1,,3,0.0,0.13397655869514402,0.07297433429414067,0.42502461992,0.026454600000000016,99.59016393442623,18.835031650205764,26.88892614265921,431.135071,11.724162,0.819672131147541,0.7976901399176956,1.1387839257840877,18.259178,0.4965350000000001
014,0000,task2,,,2.8688524590163933,0.16638513773786004,0.16950867968579905,1.721324395,0.02131920000000001,99.59016393442623,20.762513304526756,27.0823086384778,427.395447,10.496478999999999,4.098360655737705,1.0425187366255149,1.3598456563620887,21.460203,0.527045
014,0000,rest,,,1.5748031496062993,0.1574015053596838,0.10017714988417598,0.5676499499999998,0.02712256000000003,99.60629921259843,18.41081667984189,24.927244520935798,406.89614900000004,11.543046,0.7874015748031497,0.8342356600790513,1.1295096570048828,18.437382,0.523041
015,0000,task1,,,0.4098360655737705,0.07447808558024693,0.05414094553344598,0.5026206,0.0065917999999999975,99.59016393442623,19.183946757201635,25.006759784211194,404.386017,14.782995000000001,0.819672131147541,1.0450628971193419,1.3622659196020346,22.029295,0.8053170000000001
015,0000,task2,,,0.4098360655737705,0.07934087588888894,0.06114927198516672,0.5097803,0.009320799999999985,99.59016393442623,18.59373503703703,24.1059118380152,389.084778,11.474876,1.639344262295082,1.0553621934156372,1.3682278856269905,22.08407,0.651303
015,0000,rest,,,0.0,0.0901114891660079,0.04043135320026452,0.283717031,0.01519237599999997,99.60629921259843,19.056836351778646,23.637667803558198,390.341522,13.973228,0.7874015748031497,0.9902551660079058,1.22829009853263,20.283414999999998,0.7260939999999999
040,0000,rest,,,3.937007874015748,0.21627318015375513,0.25437411732292314,2.70565677,0.012846999999999987,99.60629921259843,23.147269098814238,27.762956514766728,400.283966,13.826381,5.905511811023622,1.113940837944665,1.3360665039214366,19.263294000000002,0.6653819999999999
040,0000,task1,,,8.19672131147541,0.1910243140576132,0.47241105981610426,6.15224167,0.0024955299999999967,99.59016393442623,23.26624757201645,31.936940010088772,434.436371,12.79998,13.114754098360656,1.0156150493827165,1.3941069180154169,18.963957,0.558743
040,0000,task2,,,11.885245901639344,0.24620587367078206,0.41716684754416716,4.752667799999998,0.02125399999999984,99.59016393442623,23.40242577777778,30.945171523013837,424.810883,11.501366,9.836065573770492,0.7918077119341568,1.0470122548233325,14.373234,0.389142
016,0000,task1,,,0.819672131147541,0.05932966752674895,0.08549765077010633,0.98701109,0.009052803500000027,99.59016393442623,20.033033193415655,27.20331110999306,429.18246500000004,10.431214,4.508196721311475,0.9975397325102884,1.3545819119316804,21.371031,0.51942
016,0000,rest,,,0.0,0.04224304752885369,0.03884709763110394,0.43931095,0.002882770000000001,99.60629921259843,16.98204815019763,25.597760515720623,416.971375,11.527602000000002,1.1811023622047243,0.9426966403162059,1.4209664934996677,23.14664800000001,0.6399130000000001
016,0000,task2,,,3.6885245901639343,0.12067904039547325,0.28281722577400137,3.08166545,0.005297778,99.59016393442623,21.917723185185174,28.477499032307083,421.7908019999999,11.824885,6.147540983606557,0.999081308641975,1.2980973065328223,19.226601000000002,0.539017
017,0000,task2,,,0.819672131147541,0.07698588024691355,0.07884465021380088,0.79661145,0.0090476,99.59016393442623,16.927076139917695,26.138847868999495,416.049469,10.612117,1.2295081967213115,0.8466734732510286,1.30743606016763,20.810331,0.530806
017,0000,task1,,,0.819672131147541,0.09602078260329215,0.14000262427849194,1.97903255,0.015432930000000029,99.59016393442623,18.59312298765432,26.50446675717636,418.675507,11.418861,2.8688524590163933,0.9985440246913583,1.4234228835148222,22.484976,0.61325
017,0000,rest,,,0.3937007874015748,0.13285185027667992,0.09775742926721655,1.0146861999999999,0.013508300000000029,99.60629921259843,20.334259964426874,26.0658467137277,426.41345199999995,15.560478,1.1811023622047243,0.8631831699604745,1.1064873068682395,18.101122,0.660538
041,0000,task1,,,2.8688524590163933,0.11818664023456789,0.13849622618306526,1.1277948,0.022607349999999984,99.59016393442623,19.729896333333347,29.285820024589995,446.19696,13.293135000000001,4.508196721311475,0.9152163703703704,1.3584897226591615,20.697866,0.616632
041,0000,rest,,,3.1496062992125986,0.13698632516600784,0.11380418903475185,0.7017941,0.018172049999999988,99.60629921259843,20.862731715415034,27.231675189209984,433.30218499999995,13.740356,5.511811023622047,0.9449550869565214,1.2334294740370384,19.625957,0.622355
041,0000,task2,,,4.098360655737705,0.16750377712345674,0.32384728207030766,2.90430789,0.023176769999999968,99.59016393442623,22.035118349794253,30.691423021063997,434.701904,13.630926,4.918032786885246,0.8020210411522634,1.1170880739309792,15.822020000000002,0.49613
018,0000,task2,,,0.4098360655737705,0.09527176440329217,0.07293586186717702,0.5060737700000001,0.016539989999999994,99.59016393442623,19.88466539094651,22.778143247944723,367.887543,13.484607999999998,2.8688524590163933,1.0700910740740737,1.225803228092789,19.797826999999998,0.7256729999999999
018,0000,rest,,,0.3937007874015748,0.11990443723478263,0.06824068997646615,0.562754918,0.0306123,99.60629921259843,20.393442853754944,22.124583320392993,367.390808,15.077694000000001,1.5748031496062993,0.9922908853754946,1.076523584743833,17.876263,0.733641
018,0000,task1,,,0.0,0.12347406944732515,0.07497905088000352,0.49393515299999996,0.024809749999999985,99.59016393442623,20.041694588477366,23.678141432538506,382.811646,13.878167000000001,1.639344262295082,0.9243249053497943,1.092038164884141,17.65531,0.640062
019,0000,rest,,,0.0,0.07240210529644267,0.042962068470853786,0.45423620000000003,0.0070399999999999924,99.60629921259843,19.277436466403163,23.72719026625169,390.522278,12.374316,0.7874015748031497,1.0097646719367588,1.2428456666498113,20.455810999999997,0.648175
020,0000,rest,,,2.3622047244094486,0.16189384444664023,0.11747499433619184,0.78072131,0.019048499999999968,99.60629921259843,22.932442739130444,25.58117296583459,409.898499,12.970924,6.692913385826771,1.0611308458498028,1.1836930057847421,18.966839,0.600191
020,0000,task1,,,32.78688524590164,0.45898556192592593,0.36544289525388574,2.1153789000000005,0.057679649999999937,99.59016393442623,38.26441429218105,30.19401515086107,419.850616,17.151567,12.704918032786885,1.0650835843621398,0.8404453772164591,11.686472,0.477411
021,0000,task1,,,0.0,0.07378338888271609,0.04788349183208996,0.324378335,0.013701699999999995,99.59016393442623,20.945775049382718,30.26055232639316,484.54052699999994,13.242685,1.2295081967213115,1.0597489999999994,1.5310290226160739,24.51527,0.6700119999999999
021,0000,task2,,,0.0,0.09688838188065836,0.06441409062957947,0.48770955,0.013799809999999977,99.59016393442623,20.39011383539095,29.3442097695075,469.90573099999995,12.427377000000005,1.2295081967213115,0.9575852263374485,1.378098378465938,22.068282999999997,0.58363
021,0000,rest,,,0.3937007874015748,0.1069560287438735,0.05329445317699348,0.53997429,0.016952750000000006,99.60629921259843,21.313611249011828,26.794119904937876,439.438538,16.263359,1.1811023622047243,1.0482797786561266,1.3178307722007212,21.613160999999998,0.79989
022,0000,rest,,,1.5748031496062993,0.07547256476166014,0.10149984523256993,0.9781244950000002,0.013807579999999972,99.60629921259843,18.104339114624498,25.907878295203194,407.621277,12.797789999999999,3.543307086614173,1.0227223003952561,1.4635478105117212,23.026711,0.7229529999999998
022,0000,task1,,,0.819672131147541,0.06271691304897122,0.07673096324551823,0.8257354499999999,0.008046446000000011,99.59016393442623,17.020076744855967,27.04801310635614,424.20517,11.758439,4.508196721311475,1.1068761522633745,1.7590285599054793,27.587571999999998,0.7646929999999998
022,0000,task2,,,0.0,0.0547819528271605,0.04045558568565556,0.34344705000000003,0.007552749999999999,99.59016393442623,15.958452053497943,26.513191767081228,421.996338,11.135703,2.8688524590163933,1.0995983950617285,1.8268603407905482,29.077162,0.767293
023,0000,task1,,,0.0,0.08094479348971195,0.031422243259291015,0.35267996100000004,0.02196024999999997,99.59016393442623,16.785199666666667,22.784389568564016,368.291748,12.897487000000005,0.819672131147541,0.9880809506172842,1.3412303887306736,21.679935,0.7592259999999998
023,0000,task2,,,0.0,0.08116098724362135,0.03680753822250513,0.338385886,0.01931159999999997,99.59016393442623,17.42901833333334,22.07363406257169,357.568085,13.393828,0.819672131147541,1.0246693703703698,1.297730937210653,21.021784,0.7874369999999999
023,0000,rest,,,0.0,0.0804216864257707,0.03710138052520503,0.3522859365000001,0.01807401,99.60629921259843,14.47608333992094,21.91776323781438,359.301147,10.681099,0.7874015748031497,0.9375226126482213,1.4194722295591125,23.269619,0.691746
024,0000,task1,,,9.836065573770492,0.2054007334572016,0.2781125141612421,1.88458738,0.02226580000000003,99.59016393442623,22.92516933333333,29.231260810324027,431.19781500000005,11.490324000000001,10.655737704918034,0.9625342469135801,1.2273012333270021,18.104235,0.48243199999999997
024,0000,task2,,,14.344262295081966,0.2595357751469135,0.3002435263839602,1.5981866000000002,0.02626150000000015,99.59016393442623,24.577644234567902,30.343759506504455,433.81988499999994,10.877336,9.836065573770492,0.8974687242798352,1.1080222336460372,15.841217000000002,0.39719299999999996
024,0000,rest,,,21.653543307086615,0.4128289351399212,0.5118054035773951,3.75486505,0.04676665000000008,99.60629921259843,30.83961373122529,26.160441761840122,245.736694,13.251175000000005,14.566929133858268,0.9378177944664037,0.7955263882609757,7.472734,0.402962
025,0000,task1,,,0.0,0.155492594253498,0.055447730542307776,0.4614019700000001,0.04007039999999997,99.59016393442623,21.66579518106996,30.056267232127603,483.296417,15.668331,1.2295081967213115,1.1344757325102879,1.5738221209943264,25.306622,0.8204329999999999
025,0000,task2,,,1.2295081967213115,0.1741732736584362,0.08469698183642331,0.6211707999999999,0.042320599999999986,99.59016393442623,21.633638983539086,29.39093134917619,470.366089,13.044780000000001,2.0491803278688523,0.9925954609053492,1.348515910121859,21.581356,0.598521
025,0000,rest,,,1.1811023622047243,0.21621377104743097,0.08009115817345089,0.5465640500000001,0.06300754999999995,99.60629921259843,25.94113976679842,28.408421456717843,469.055359,19.435829000000002,1.968503937007874,1.0780712964426884,1.1806074331716208,19.493172,0.807721
026,0000,task1,,1,0.0,0.12619183890322574,0.07265948951475457,0.38093467200000003,0.015654641,98.41269841269842,26.61963903225807,56.495722925434094,461.033508,13.850223000000002,4.761904761904762,1.51083314516129,3.2064902821536725,26.166573,0.786088
026,0000,task2,,,14.754098360655737,0.37981063976131696,0.8433486703447498,11.5249953,0.03775314999999989,99.59016393442623,30.884697551440315,38.55728734060952,445.09164400000003,14.464120999999999,7.786885245901639,0.8579892510288062,1.0711369033044515,12.364824,0.401819
026,0000,rest,,,0.7874015748031497,0.16428856943478257,0.10439890509546894,0.96429805,0.014835599999999997,99.60629921259843,21.638419217391345,28.016537315130428,450.083923,11.677693,3.1496062992125986,0.9995484229249018,1.2941742877048659,20.790829000000002,0.53943
026,0000,task1,,2,18.852459016393443,0.3574125603613168,0.4291205825539998,2.53827625,0.03861918,99.59016393442623,29.632115732510293,33.533228022548215,452.33355700000004,12.105202,11.065573770491802,0.8499751769547329,0.9618756747505023,12.974851,0.347229
027,0000,rest,,,0.3937007874015748,0.06126663285770751,0.04040678803852008,0.50630528,0.010693295,99.60629921259843,17.236775090909102,30.985872196650885,502.554504,13.287216,0.7874015748031497,0.8751988181818184,1.5733104352671476,25.51725,0.67466
027,0000,task1,,,2.0491803278688523,0.1401482286419753,0.19566637532473713,2.3635394,0.0244569999999998,99.59016393442623,19.456859592592586,35.26304005640365,545.724548,13.155261999999999,2.8688524590163933,0.8219512757201646,1.4896803016538334,23.054028,0.555741
027,0000,task2,,,4.098360655737705,0.13759626432263375,0.19437578265564412,2.1252974,0.014032399999999995,99.59016393442623,20.560052530864215,33.158137868557354,514.7753299999998,13.343576,5.327868852459017,0.9375078847736626,1.5119619323519906,23.472992,0.6084470000000001
028,0000,task1,,,2.8688524590163933,0.17615631695884765,0.12397569807315957,0.77873765,0.03306545,99.59016393442623,27.634902576131665,28.649792780719807,441.988373,15.366481,13.114754098360656,1.27987255144033,1.3268758396962004,20.470085,0.711677
028,0000,task2,,,8.19672131147541,0.20453606165925925,0.21535914956202548,1.5172757,0.019473862500000005,99.59016393442623,27.71063965843623,27.144141133715603,424.695343,17.345129,16.80327868852459,1.339787386831275,1.312397632716772,20.533682000000002,0.838623
028,0000,rest,,,4.724409448818897,0.17933592004387355,0.15419353586075568,1.096045604,0.014678269999999997,99.60629921259843,26.51493292094864,26.41153081714303,427.654938,15.745121,14.173228346456693,1.2880645612648223,1.2830414158735626,20.774979000000002,0.76488
029,0000,task1,,,4.098360655737705,0.11587934939506168,0.14646189035913587,1.13115855,0.008377999999999976,99.59016393442623,19.419238012345694,29.758853833780897,462.93423499999994,12.323597,7.786885245901639,1.0020484362139925,1.5355810563411667,23.887783,0.635908
029,0000,rest,,,3.937007874015748,0.14273872656521747,0.15117029488735773,1.0352283999999998,0.016911949999999988,99.60629921259843,20.677329071146247,28.185543746318086,445.727478,12.806446000000001,7.480314960629921,0.9928940909090911,1.3534272231015632,21.40316,0.614946
029,0000,task2,,,23.360655737704917,0.41699415543292184,0.6943010915805222,5.367430529999999,0.020674170100000003,99.59016393442623,29.604162102880654,37.41652828531108,444.27990700000004,11.514772,11.475409836065573,0.9005396666666668,1.1381868037564309,13.514710000000001,0.350272
035,0000,task1,,,0.0,0.06197449746090537,0.03153067001758469,0.33877746505,0.013894680000000015,99.59016393442623,18.012854938271612,24.85637738250037,401.751099,14.116498000000005,0.819672131147541,1.0550742880658432,1.4559227331306863,23.531931,0.826851
035,0000,task2,,,0.0,0.07462414717366253,0.045936185951094034,0.29651555,0.0023247499999999857,99.59016393442623,17.723013386831276,24.188709875407557,390.71887200000003,13.531573000000002,0.819672131147541,0.9754981851851858,1.331378613334833,21.505684,0.744796
035,0000,rest,,,0.0,0.07017968831778658,0.03716341456775636,0.3027376,0.014216610000000003,99.60629921259843,17.957607889328067,23.572364100099147,388.997742,14.126888000000001,0.7874015748031497,1.0275904308300396,1.3488843162725646,22.259666,0.808385
036,0000,task1,,,0.819672131147541,0.11069829971193416,0.06603267941602288,0.60216453,0.01541075,99.59016393442623,20.435365493827163,28.169688554313048,452.69674699999996,14.812235999999999,1.639344262295082,1.1133763086419752,1.5347639879275392,24.664194000000002,0.807012
036,0000,rest,,,0.3937007874015748,0.11683786530039533,0.07074905782351389,0.5068914000000001,0.02101395,99.60629921259843,19.104903035573113,25.782130107230074,420.136963,13.42055,1.1811023622047243,0.8927636126482219,1.204787512659977,19.632814,0.6271359999999999
036,0000,task2,,,2.459016393442623,0.15735013986008228,0.27517266506513166,3.6568602999999995,0.02316810000000001,99.59016393442623,21.296352432098768,29.80027384458589,451.929413,13.258072,4.508196721311475,0.965708057613169,1.3513283526147495,20.493269,0.6012029999999999
037,0000,task2,,,4.508196721311475,0.22170019785851863,0.4093569817444522,4.8160978000000005,0.03025861,99.59016393442623,25.297029469135786,32.00534462365319,494.587738,15.054948000000001,3.6885245901639343,0.9523714197530869,1.2049231604909578,18.620022,0.566782
037,0000,task1,,,2.8688524590163933,0.18410448994238676,0.11565414192145962,0.80046188,0.026706879999999968,99.59016393442623,22.23865216872427,30.505796166043098,488.47567699999996,14.038129999999999,3.278688524590164,1.0859022181069962,1.4895827146688536,23.852022,0.685475
037,0000,rest,,,0.3937007874015748,0.12203598576719368,0.08512181835094525,0.5524269167999999,0.019944755,99.60629921259843,20.165825114624504,27.418539824195616,447.092987,13.586922,3.543307086614173,1.0878274229249023,1.479068646737585,24.118032,0.7329339999999999
038,0000,rest,,,0.7874015748031497,0.10213295981818181,0.06858204722889114,0.519148775,0.008859799999999942,99.60629921259843,23.36006116600791,25.655526916525115,425.83786,18.520820999999998,1.968503937007874,1.2011743873517786,1.3192072685832084,21.896584,0.9523410000000002
038,0000,task1,,,4.098360655737705,0.13133794792757206,0.14789197356195666,1.03682588,0.013904709999999976,99.59016393442623,23.80113151851851,29.181632906972155,458.045898,13.416623000000001,7.786885245901639,1.125091123456789,1.3794300821764123,21.652054,0.63421
038,0000,task2,,,0.4098360655737705,0.09039385894238687,0.08430744752568808,0.55347206,0.010313808100000007,99.59016393442623,21.519606012345676,27.620749629414004,443.50750700000003,12.482113,5.737704918032787,1.1630441193415633,1.492785201228371,23.969713,0.674606
039,0000,rest,,,0.0,0.09697172280632407,0.04473811082710435,0.353343995,0.019097,99.60629921259843,17.408304391304338,24.658436822769286,404.412689,14.042639999999999,0.7874015748031497,0.8736051264822134,1.2374402538219256,20.294739,0.704705
039,0000,task1,,,0.4098360655737705,0.11166434224691363,0.07531114684483155,0.68510035,0.015686400000000034,99.59016393442623,18.69017210288066,25.30771336151048,406.362244,14.195704000000001,2.459016393442623,0.9819367119341569,1.3296063915485916,21.349295,0.745808
039,0000,task2,,,0.819672131147541,0.08920943251028807,0.06465134404684245,0.634471245,0.017173499999999994,99.59016393442623,17.725937320987644,24.77514041641453,397.55517599999996,13.838227999999999,1.639344262295082,0.9391650411522638,1.3126496785004884,21.06348,0.7331840000000001
